category,macro_cat,checkin_count,unique_venues
Train Station,Transportation,200428,1299
Subway,Transportation,41666,431
Ramen /  Noodle House,Food & Drink,17303,3609
Convenience Store,Shopping,16833,3177
Japanese Restaurant,Food & Drink,15680,5555
Bar,Food & Drink,14940,4048
Food & Drink Shop,Food & Drink,14023,2136
Electronics Store,Shopping,10897,353
Mall,Shopping,10839,473
Coffee Shop,Food & Drink,8959,1167
Office,Work,8789,1120
Café,Food & Drink,8603,2190
Bridge,Transportation,8162,815
Bus Station,Transportation,7965,1161
Road,Transportation,7528,1094
Bookstore,Shopping,7418,632
Park,Outdoors & Recreation,7247,942
Fast Food Restaurant,Food & Drink,6806,1078
Arcade,Entertainment,6153,271
College Academic Building,Education,5981,599
Government Building,Other,5116,671
Building,Other,5036,582
Chinese Restaurant,Food & Drink,4718,1607
Hobby Shop,Shopping,4648,295
Miscellaneous Shop,Shopping,4549,853
Department Store,Shopping,4152,185
University,Education,3486,232
Gym / Fitness Center,Outdoors & Recreation,3486,314
Other Great Outdoors,Outdoors & Recreation,3298,609
Medical Center,Health & Medical,3280,1115
Home (private),Lodging & Residential,3106,225
Italian Restaurant,Food & Drink,3029,1164
Light Rail,Transportation,2985,83
Restaurant,Food & Drink,2921,1020
Clothing Store,Shopping,2920,1006
Airport,Transportation,2902,158
Movie Theater,Entertainment,2763,134
Shrine,Outdoors & Recreation,2696,341
Indian Restaurant,Food & Drink,2639,705
Convention Center,Work,2229,144
Event Space,Work,2209,349
Drugstore / Pharmacy,Health & Medical,2041,693
Music Venue,Entertainment,1909,340
Hotel,Lodging & Residential,1902,350
Diner,Food & Drink,1851,561
Video Store,Shopping,1761,197
BBQ Joint,Food & Drink,1738,738
Sushi Restaurant,Food & Drink,1679,592
Concert Hall,Entertainment,1633,110
Plaza,Outdoors & Recreation,1490,98
Record Shop,Shopping,1474,114
Stadium,Entertainment,1469,59
Temple,Outdoors & Recreation,1449,316
Toy / Game Store,Shopping,1401,125
Bank,Other,1359,537
Mobile Phone Shop,Shopping,1340,329
Post Office,Other,1291,360
Burger Joint,Food & Drink,1289,221
Bakery,Food & Drink,1264,458
General Entertainment,Entertainment,1250,193
Furniture / Home Store,Shopping,1192,247
Spa / Massage,Health & Medical,1100,321
Playground,Outdoors & Recreation,1089,286
Library,Education,1085,178
Historic Site,Entertainment,1070,229
Sculpture Garden,Entertainment,985,54
Deli / Bodega,Food & Drink,954,327
Asian Restaurant,Food & Drink,951,383
Art Gallery,Entertainment,904,275
Smoke Shop,Shopping,902,135
Dessert Shop,Food & Drink,893,424
Dumpling Restaurant,Food & Drink,891,113
Salon / Barbershop,Health & Medical,825,414
Bowling Alley,Entertainment,811,47
Steakhouse,Food & Drink,802,334
Gas Station / Garage,Transportation,792,224
School,Education,783,212
Athletic & Sport,Outdoors & Recreation,780,214
Parking,Transportation,774,155
Sporting Goods Shop,Shopping,772,227
High School,Education,764,153
Korean Restaurant,Food & Drink,708,406
Bike Shop,Shopping,664,171
General College & University,Education,656,123
River,Outdoors & Recreation,621,36
Hardware Store,Shopping,613,67
Sandwich Place,Food & Drink,611,94
Neighborhood,Other,589,56
Gift Shop,Shopping,582,150
Donut Shop,Food & Drink,564,134
Theater,Entertainment,556,108
Automotive Shop,Shopping,556,180
General Travel,Transportation,523,104
Art Museum,Entertainment,520,44
Pizza Place,Food & Drink,515,168
Scenic Lookout,Outdoors & Recreation,509,62
French Restaurant,Food & Drink,493,255
Other Nightlife,Entertainment,480,164
Residential Building (Apartment / Condo),Lodging & Residential,472,62
American Restaurant,Food & Drink,468,156
Thai Restaurant,Food & Drink,467,162
Fried Chicken Joint,Food & Drink,444,148
Garden,Outdoors & Recreation,432,75
Seafood Restaurant,Food & Drink,429,179
Arts & Crafts Store,Shopping,403,116
Student Center,Education,363,25
Candy Store,Food & Drink,358,135
Spiritual Center,Other,347,59
Video Game Store,Shopping,327,36
Racetrack,Entertainment,305,18
Rest Area,Transportation,298,36
Beer Garden,Food & Drink,294,81
Laundry Service,Other,293,84
Music Store,Shopping,291,84
Camera Store,Shopping,289,44
History Museum,Entertainment,275,53
Museum,Entertainment,269,57
Food,Food & Drink,268,147
Military Base,Work,265,38
Gaming Cafe,Entertainment,261,24
Paper / Office Supplies Store,Shopping,258,69
Tea Room,Food & Drink,256,93
Soup Place,Food & Drink,254,40
Shop & Service,Shopping,253,89
Elementary School,Education,246,117
Internet Cafe,Other,242,64
Science Museum,Entertainment,242,24
Ice Cream Shop,Food & Drink,228,107
Ferry,Transportation,226,47
Cosmetics Shop,Shopping,220,95
Church,Other,212,50
Travel & Transport,Transportation,204,27
Casino,Entertainment,202,62
Trade School,Education,196,34
Cemetery,Other,193,47
Spanish Restaurant,Food & Drink,187,105
Pool,Outdoors & Recreation,186,38
Flower Shop,Shopping,176,53
Factory,Work,170,59
Wings Joint,Food & Drink,163,56
Moving Target,Other,160,36
Pet Store,Shopping,157,60
Brewery,Food & Drink,157,33
Snack Place,Food & Drink,156,74
Community College,Education,148,28
Performing Arts Venue,Entertainment,146,35
Embassy / Consulate,Work,127,56
Mexican Restaurant,Food & Drink,127,43
Aquarium,Entertainment,112,6
German Restaurant,Food & Drink,111,42
Car Dealership,Shopping,108,54
Nursery School,Education,107,27
Food Truck,Food & Drink,105,33
Comedy Club,Entertainment,99,22
Zoo,Entertainment,99,25
Gastropub,Food & Drink,98,33
Travel Lounge,Transportation,98,11
Thrift / Vintage Store,Shopping,96,36
Jewelry Store,Shopping,95,53
Recycling Facility,Other,92,16
Pool Hall,Entertainment,92,36
Outdoors & Recreation,Outdoors & Recreation,90,20
Hot Dog Joint,Food & Drink,88,8
Vietnamese Restaurant,Food & Drink,85,39
Fair,Entertainment,78,26
Harbor / Marina,Transportation,76,17
Taxi,Transportation,74,17
Professional & Other Places,Other,69,28
Design Studio,Work,69,38
Vegetarian / Vegan Restaurant,Food & Drink,66,36
Nightlife Spot,Entertainment,64,19
Middle School,Education,63,41
Breakfast Spot,Food & Drink,63,19
Rental Car Location,Transportation,62,34
Medical School,Education,60,17
Public Art,Entertainment,60,11
Dim Sum Restaurant,Food & Drink,58,29
Antique Shop,Shopping,56,20
Brazilian Restaurant,Food & Drink,55,8
Bike Rental / Bike Share,Transportation,53,8
Middle Eastern Restaurant,Food & Drink,49,11
Tapas Restaurant,Food & Drink,49,23
Caribbean Restaurant,Food & Drink,49,6
Funeral Home,Other,46,17
Beach,Outdoors & Recreation,44,11
Cupcake Shop,Food & Drink,43,31
College Stadium,Education,40,13
Nail Salon,Health & Medical,39,17
Mediterranean Restaurant,Food & Drink,38,16
Bagel Shop,Food & Drink,36,26
Winery,Food & Drink,35,27
Sorority House,Education,33,4
Board Shop,Shopping,31,8
College & University,Education,30,9
Planetarium,Entertainment,26,5
Australian Restaurant,Other,26,9
Photography Lab,Other,24,15
Music School,Education,24,7
Eastern European Restaurant,Food & Drink,24,15
Mosque,Other,23,5
Garden Center,Shopping,23,3
Campground,Outdoors & Recreation,23,11
Financial or Legal Service,Work,21,7
Turkish Restaurant,Food & Drink,20,10
Tanning Salon,Health & Medical,20,4
Motorcycle Shop,Shopping,20,8
Salad Place,Food & Drink,19,11
Car Wash,Other,19,10
Law School,Education,17,10
Bridal Shop,Shopping,16,13
Fraternity House,Education,13,3
Arts & Entertainment,Entertainment,13,8
Housing Development,Lodging & Residential,12,3
Scandinavian Restaurant,Food & Drink,12,3
Cajun / Creole Restaurant,Food & Drink,12,6
Castle,Entertainment,11,2
Newsstand,Shopping,11,7
Flea Market,Shopping,10,4
Taco Place,Food & Drink,9,6
Fish & Chips Shop,Food & Drink,9,3
Storage Facility,Other,8,7
Malaysian Restaurant,Food & Drink,8,5
Latin American Restaurant,Food & Drink,8,3
City,Other,7,4
Distillery,Food & Drink,7,6
Portuguese Restaurant,Food & Drink,7,4
Animal Shelter,Other,7,5
Burrito Place,Food & Drink,6,3
College Theater,Entertainment,6,5
South American Restaurant,Food & Drink,6,1
African Restaurant,Food & Drink,6,5
Peruvian Restaurant,Food & Drink,5,4
Cuban Restaurant,Food & Drink,5,1
Synagogue,Other,5,2
Ethiopian Restaurant,Food & Drink,4,2
Market,Shopping,4,3
Moroccan Restaurant,Food & Drink,3,3
Swiss Restaurant,Food & Drink,2,2
Mac & Cheese Joint,Food & Drink,2,1
Argentinian Restaurant,Food & Drink,2,1
Pet Service,Other,2,2
Southern / Soul Food Restaurant,Food & Drink,1,1
Ski Area,Outdoors & Recreation,1,1
Gluten-free Restaurant,Food & Drink,1,1
Arepa Restaurant,Food & Drink,1,1
Afghan Restaurant,Food & Drink,1,1
Falafel Restaurant,Food & Drink,1,1
Filipino Restaurant,Food & Drink,0,0
Greek Restaurant,Food & Drink,0,0
Molecular Gastronomy Restaurant,Food & Drink,0,0
Tattoo Parlor,Other,0,0
